,min_do,max_do,min_posle,max_posle
Соотношение матрица-наполнитель,0.547391007365624,5.29584199270212,0.0,1.0
"Плотность, кг/м3",1784.48224524858,2160.75143947764,0.0,1.0
"модуль упругости, ГПа",2.4369087535075,1572.09604227992,0.0,0.9999999999999999
"Количество отвердителя, м.%",38.6685003343557,181.82844779488,0.0,1.0
"Содержание эпоксидных групп,%_2",15.6958938036288,28.9550943746499,0.0,1.0
"Температура вспышки, С_2",179.37439137039,386.067991779505,0.0,1.0
"Поверхностная плотность, г/м2",0.603739925153945,1291.34011463545,0.0,1.0
"Модуль упругости при растяжении, ГПа",64.6964003954224,82.682051035271,0.0,0.9999999999999996
"Прочность при растяжении, МПа",1036.85660535,3848.43673187618,0.0,1.0000000000000002
"Потребление смолы, г/м2",75.831811689797,359.052219789673,0.0,1.0
"Угол нашивки, град",0.0,90.0,0.0,1.0
Шаг нашивки,0.145034143027886,13.4849451024425,0.0,0.9999999999999999
Плотность нашивки,26.6471544890232,86.0124270098611,0.0,1.0
